Control Time (T),1-Fidelity
20.0,0.6000000048611893
30.0,0.6000000002820154
